,Nombre,Alto,Ancho
0,100000011971.jpeg,1394,1394
1,100000011973.jpeg,975,975
2,100000021966.jpeg,1283,1283
3,100000021968.jpeg,2168,2168
4,100000021969.jpeg,1150,1150
5,100000021971.jpeg,1026,1026
6,100000021977.jpeg,2209,2209
7,100000031968.jpeg,1048,1048
8,100000031971.jpeg,1535,1535
9,100000041977.jpeg,1099,1099
10,100000051977.jpeg,1672,1672
11,100000061964.jpeg,1012,1012
12,100000061977.jpeg,2199,2199
13,100000071964.jpeg,916,916
14,100000071972.jpeg,903,903
15,100000071977.jpeg,1124,1124
16,100000081969.jpeg,912,912
17,100000081977.jpeg,1639,1639
18,100000091970.jpeg,1039,1039
19,100000101964.jpeg,1036,1036
20,100000101967.jpeg,1419,1419
21,100000101968.jpeg,1517,1517
22,100000101978.jpeg,3937,3937
23,100000111966.jpeg,1241,1241
24,100000111972.jpeg,1081,1081
25,100000121967.jpeg,1247,1247
26,100000131964.jpeg,1473,1473
27,100000131968.jpeg,1057,1057
28,100000141968.jpeg,1058,1058
29,100000171972.jpeg,1045,1045
30,100000181969.jpeg,1253,1253
31,100000191968.jpeg,1367,1367
32,100000201968.jpeg,1370,1370
33,100000201969.jpeg,1050,1050
34,100000201975.jpeg,1102,1102
35,100000211970.jpeg,1357,1357
36,100000221975.jpeg,1114,1114
37,100000231970.jpeg,2120,2120
38,100000251966.jpeg,1202,1202
39,100000251970.jpeg,2128,2128
40,100000261966.jpeg,1209,1209
41,100000261968.jpeg,1057,1057
42,100000261970.jpeg,1157,1157
43,100000271963.jpeg,948,948
44,100000271966.jpeg,1169,1169
45,100000271967.jpeg,1143,1143
46,100000271968.jpeg,1058,1058
47,100000291973.jpeg,1089,1089
48,100000301973.jpeg,1115,1115
49,100000311969.jpeg,1388,1388
50,100000311975.jpeg,1014,1014
51,100000321966.jpeg,1731,1731
52,100000341968.jpeg,992,992
53,100000351965.jpeg,1776,1776
54,100000351975.jpeg,1051,1051
55,100000361963.jpeg,1262,1262
56,100000361967.jpeg,2144,2144
57,100000371964.jpeg,1186,1186
58,100000381964.jpeg,897,897
59,100000381965.jpeg,1098,1098
60,100000401964.jpeg,1060,1060
61,100000411964.jpeg,913,913
62,100000411969.jpeg,1557,1557
63,100000421964.jpeg,1032,1032
64,100000421968.jpeg,868,868
65,100000421971.jpeg,1026,1026
66,100000431971.jpeg,1042,1042
67,100000481966.jpeg,933,933
68,100000501966.jpeg,1126,1126
69,100000501973.jpeg,1044,1044
70,100000511964.jpeg,1992,1992
71,100000511968.jpeg,1386,1386
72,100000511973.jpeg,1323,1323
73,100000531968.jpeg,1773,1773
74,100000531969.jpeg,1126,1126
75,100000531971.jpeg,1037,1037
76,100000551971.jpeg,1038,1038
77,100000561967.jpeg,1384,1384
78,100000561969.jpeg,1040,1040
79,100000571965.jpeg,1154,1154
80,100000571966.jpeg,1353,1353
81,100000571968.jpeg,907,907
82,100000581965.jpeg,1163,1163
83,100000581968.jpeg,1014,1014
84,100000591967.jpeg,1880,1880
85,100000591969.jpeg,1370,1370
86,100000601967.jpeg,1888,1888
87,100000601968.jpeg,1046,1046
88,100000601969.jpeg,1088,1088
89,100000611970.jpeg,978,978
90,100000621968.jpeg,1039,1039
91,100000631970.jpeg,1032,1032
92,100000641967.jpeg,1034,1034
93,100000641968.jpeg,1037,1037
94,100000681964.jpeg,1338,1338
95,100000681967.jpeg,3163,3163
96,100000681974.jpeg,995,995
97,100000701963.jpeg,1205,1205
98,100000711967.jpeg,1313,1313
99,100000751966.jpeg,1585,1585
100,100000761963.jpeg,1153,1153
101,100000761970.jpeg,1465,1465
102,100000771970.jpeg,1051,1051
103,100000781982.jpeg,1844,1844
104,100000791970.jpeg,951,951
105,100000791971.jpeg,1624,1624
106,100000801963.jpeg,1303,1303
107,100000811965.jpeg,1301,1301
108,100000821970.jpeg,963,963
109,100000821982.jpeg,1904,1904
110,100000831965.jpeg,1138,1138
111,100000831971.jpeg,1518,1518
112,100000851975.jpeg,1124,1124
113,100000851991.jpeg,2112,2112
114,100000861991.jpeg,2056,2056
115,100000871975.jpeg,1039,1039
116,100000881966.jpeg,1382,1382
117,100000881969.jpeg,1045,1045
118,100000881975.jpeg,1053,1053
119,100000891966.jpeg,1288,1288
120,100000891967.jpeg,1057,1057
121,100000891969.jpeg,1043,1043
122,100000911967.jpeg,1603,1603
123,100000911969.jpeg,1037,1037
124,100000921967.jpeg,1207,1207
125,100000921976.jpeg,1057,1057
126,100000931967.jpeg,1686,1686
127,100000941966.jpeg,1048,1048
128,100000951976.jpeg,1045,1045
129,100000961968.jpeg,1763,1763
130,100000961969.jpeg,1231,1231
131,100000971971.jpeg,1029,1029
132,100000981967.jpeg,1116,1116
133,100000981982.jpeg,1871,1871
134,100000991967.jpeg,1301,1301
135,100000991991.jpeg,1384,1384
136,100001001963.jpeg,981,981
137,100001001972.jpeg,1096,1096
138,100001001991.jpeg,1917,1917
139,100001011965.jpeg,2128,2128
140,100001011972.jpeg,1118,1118
141,100001011983.jpeg,1830,1830
142,100001021964.jpeg,2040,2040
143,100001021969.jpeg,1376,1376
144,100001021972.jpeg,1098,1098
145,100001031972.jpeg,1126,1126
146,100001041968.jpeg,1944,1944
147,100001041972.jpeg,1121,1121
148,100001051968.jpeg,1042,1042
149,100001051972.jpeg,1117,1117
150,100001051973.jpeg,985,985
151,100001061966.jpeg,2088,2088
152,100001061968.jpeg,1043,1043
153,100001061972.jpeg,1129,1129
154,100001071965.jpeg,1212,1212
155,100001071966.jpeg,2080,2080
156,100001071972.jpeg,1107,1107
157,100001081968.jpeg,1293,1293
158,100001081972.jpeg,1104,1104
159,100001091972.jpeg,1126,1126
160,100001101964.jpeg,1479,1479
161,100001101965.jpeg,1031,1031
162,100001101972.jpeg,1114,1114
163,100001111968.jpeg,1440,1440
164,100001111969.jpeg,1549,1549
165,100001111972.jpeg,1108,1108
166,100001111974.jpeg,1046,1046
167,100001121966.jpeg,1394,1394
168,100001121967.jpeg,1108,1108
169,100001121972.jpeg,1118,1118
170,100001131966.jpeg,1306,1306
171,100001131967.jpeg,1064,1064
172,100001141972.jpeg,2016,2016
173,100001151968.jpeg,991,991
174,100001151972.jpeg,1298,1298
175,100001161972.jpeg,1032,1032
176,100001161976.jpeg,1135,1135
177,100001171963.jpeg,2120,2120
178,100001181974.jpeg,1129,1129
179,100001191963.jpeg,1401,1401
180,100001191968.jpeg,1048,1048
181,100001191974.jpeg,1123,1123
182,100001201970.jpeg,939,939
183,100001201974.jpeg,1088,1088
184,100001211964.jpeg,876,876
185,100001211968.jpeg,1149,1149
186,100001211974.jpeg,1127,1127
187,100001221974.jpeg,1127,1127
188,100001231974.jpeg,1123,1123
189,100001231975.jpeg,1126,1126
190,100001231976.jpeg,2104,2104
191,100001241974.jpeg,1126,1126
192,100001241976.jpeg,2112,2112
193,100001241991.jpeg,2096,2096
194,100001251967.jpeg,1624,1624
195,100001251974.jpeg,1121,1121
196,100001251976.jpeg,2104,2104
197,100001261967.jpeg,1596,1596
198,100001261974.jpeg,1124,1124
199,100001261976.jpeg,2120,2120
200,100001261983.jpeg,2685,2685
201,100001261991.jpeg,1365,1365
202,100001271974.jpeg,1120,1120
203,100001281968.jpeg,1772,1772
204,100001281971.jpeg,1035,1035
205,100001281976.jpeg,2104,2104
206,100001291963.jpeg,1249,1249
207,100001291972.jpeg,1030,1030
208,100001291974.jpeg,1118,1118
209,100001291976.jpeg,2120,2120
210,100001301969.jpeg,1088,1088
211,100001301976.jpeg,2112,2112
212,100001311976.jpeg,2104,2104
213,100001321968.jpeg,1047,1047
214,100001321976.jpeg,2128,2128
215,100001331967.jpeg,1550,1550
216,100001331976.jpeg,2120,2120
217,100001331983.jpeg,1910,1910
218,100001341965.jpeg,1425,1425
219,100001341967.jpeg,1075,1075
220,100001341976.jpeg,2104,2104
221,100001351970.jpeg,1005,1005
222,100001351976.jpeg,2112,2112
223,100001361967.jpeg,1569,1569
224,100001361976.jpeg,2112,2112
225,100001371976.jpeg,2112,2112
226,100001381974.jpeg,1082,1082
227,100001381976.jpeg,2112,2112
228,100001391966.jpeg,1078,1078
229,100002531966.jpeg,1047,1047
230,100002551991.jpeg,2144,2144
231,100002561967.jpeg,1396,1396
232,100002561969.jpeg,912,912
233,100002561991.jpeg,1051,1051
234,100002571967.jpeg,1382,1382
235,100002581966.jpeg,1295,1295
236,100002581969.jpeg,909,909
237,100002581974.jpeg,1309,1309
238,100002601969.jpeg,911,911
239,100002611967.jpeg,973,973
240,100002611970.jpeg,1058,1058
241,100002621968.jpeg,1051,1051
242,100002631966.jpeg,1401,1401
243,100002641966.jpeg,1385,1385
244,100002651963.jpeg,1139,1139
245,100002661969.jpeg,1053,1053
246,100002661991.jpeg,1413,1413
247,100002671966.jpeg,1285,1285
248,100002671974.jpeg,1101,1101
249,100002671991.jpeg,1391,1391
250,100002681972.jpeg,1120,1120
251,100002681974.jpeg,1110,1110
252,100002711974.jpeg,1458,1458
253,100002721963.jpeg,1338,1338
254,100002721964.jpeg,2000,2000
255,100002721970.jpeg,1053,1053
256,100002721974.jpeg,1109,1109
257,100002731967.jpeg,1021,1021
258,100002731970.jpeg,1032,1032
259,100002731971.jpeg,1751,1751
260,100002731974.jpeg,1097,1097
261,100002741963.jpeg,1415,1415
262,100002741967.jpeg,1399,1399
263,100002741969.jpeg,1377,1377
264,100002751963.jpeg,1322,1322
265,100002751967.jpeg,1400,1400
266,100002751970.jpeg,1048,1048
267,100002771968.jpeg,1218,1218
268,100002771984.jpeg,1890,1890
269,100002781968.jpeg,1205,1205
270,100002781984.jpeg,1876,1876
271,100002791965.jpeg,1356,1356
272,100002791968.jpeg,1182,1182
273,100002791984.jpeg,1852,1852
274,100002801969.jpeg,918,918
275,100002801973.jpeg,1143,1143
276,100002811968.jpeg,900,900
277,100002811970.jpeg,982,982
278,100002821965.jpeg,1057,1057
279,100002841970.jpeg,1149,1149
280,100002851966.jpeg,964,964
281,100002871964.jpeg,1038,1038
282,100002891974.jpeg,1075,1075
283,100002901969.jpeg,997,997
284,100002901970.jpeg,1040,1040
285,100002901974.jpeg,1505,1505
286,100002911966.jpeg,930,930
287,100002911973.jpeg,1097,1097
288,100002921964.jpeg,1364,1364
289,100002921966.jpeg,928,928
290,100002921974.jpeg,1040,1040
291,100002931964.jpeg,1051,1051
292,100002941964.jpeg,2160,2160
293,100002941969.jpeg,915,915
294,100002951984.jpeg,1890,1890
295,100002961969.jpeg,1043,1043
296,100002981969.jpeg,1335,1335
297,100002991963.jpeg,1437,1437
298,100003011963.jpeg,1470,1470
299,100003031965.jpeg,1303,1303
300,100003031969.jpeg,924,924
301,100003071965.jpeg,1367,1367
302,100003071966.jpeg,1392,1392
303,100003071976.jpeg,1058,1058
304,100003081974.jpeg,1732,1732
305,100003081976.jpeg,1271,1271
306,100003091974.jpeg,1039,1039
307,100003091976.jpeg,1257,1257
308,100003091984.jpeg,1839,1839
309,100003101967.jpeg,1034,1034
310,100003101974.jpeg,1052,1052
311,100003101976.jpeg,1302,1302
312,100003111967.jpeg,1046,1046
313,100003111976.jpeg,1289,1289
314,100003111984.jpeg,1828,1828
315,100003121969.jpeg,920,920
316,100003121976.jpeg,1308,1308
317,100003141973.jpeg,1099,1099
318,100003141976.jpeg,1319,1319
319,100003151976.jpeg,1298,1298
320,100003161973.jpeg,1130,1130
321,100003171976.jpeg,1298,1298
322,100003181976.jpeg,1292,1292
323,100003201976.jpeg,1135,1135
324,100003221969.jpeg,1279,1279
325,100003241965.jpeg,1243,1243
326,100003241967.jpeg,1665,1665
327,100003251965.jpeg,1126,1126
328,100003251967.jpeg,1335,1335
329,100003271968.jpeg,1401,1401
330,100003271969.jpeg,1070,1070
331,100003281969.jpeg,1050,1050
332,100003281973.jpeg,1064,1064
333,100003301967.jpeg,1303,1303
334,100003311967.jpeg,895,895
335,100003311969.jpeg,1549,1549
336,100003331969.jpeg,918,918
337,100003331974.jpeg,1057,1057
338,100003341971.jpeg,1112,1112
339,100003351985.jpeg,1904,1904
340,100003361967.jpeg,1248,1248
341,100003361975.jpeg,1597,1597
342,100003371965.jpeg,1282,1282
343,100003391969.jpeg,1335,1335
344,100003441965.jpeg,2096,2096
345,100003451963.jpeg,1004,1004
346,100003451965.jpeg,1151,1151
347,100003461966.jpeg,1349,1349
348,100003471966.jpeg,1654,1654
349,100003481966.jpeg,1227,1227
350,100003481972.jpeg,1451,1451
351,100003491972.jpeg,1038,1038
352,100003511968.jpeg,991,991
353,100003521966.jpeg,1005,1005
354,100003521968.jpeg,994,994
355,100003521972.jpeg,1111,1111
356,100003531968.jpeg,987,987
357,100003541968.jpeg,997,997
358,100003551968.jpeg,994,994
359,100003561963.jpeg,1237,1237
360,100003561965.jpeg,1473,1473
361,100003561966.jpeg,1310,1310
362,100003591968.jpeg,1313,1313
363,100003591976.jpeg,1054,1054
364,100003591985.jpeg,1864,1864
365,100003601971.jpeg,1038,1038
366,100003631965.jpeg,1406,1406
367,100003631966.jpeg,1157,1157
368,100003641971.jpeg,2152,2152
369,100006481975.jpeg,1151,1151
370,100006491964.jpeg,933,933
371,100006491969.jpeg,1039,1039
372,100006491971.jpeg,1745,1745
373,100006491975.jpeg,1108,1108
374,100006501966.jpeg,1392,1392
375,100006561975.jpeg,1096,1096
376,100007001970.jpeg,979,979
377,100007001976.jpeg,1042,1042
378,100007011970.jpeg,2056,2056
379,100007021966.jpeg,1304,1304
380,100007031974.jpeg,1102,1102
381,100007041974.jpeg,1530,1530
382,100007061974.jpeg,1317,1317
383,100007071971.jpeg,1208,1208
384,100007071974.jpeg,1106,1106
385,100007081971.jpeg,1624,1624
386,100007081972.jpeg,1101,1101
387,100007081973.jpeg,1274,1274
388,100007091967.jpeg,1002,1002
389,100007091969.jpeg,1045,1045
390,100007091974.jpeg,1047,1047
391,100011971969.jpeg,2144,2144
392,100011971970.jpeg,981,981
393,100011971972.jpeg,1117,1117
394,100011981969.jpeg,2144,2144
395,100011981970.jpeg,912,912
396,100011991966.jpeg,1329,1329
397,100012011965.jpeg,1376,1376
398,100012011970.jpeg,1288,1288
399,100012021964.jpeg,1527,1527
400,100012021967.jpeg,1196,1196
401,100012021970.jpeg,1960,1960
402,100012021975.jpeg,1470,1470
403,100012041970.jpeg,1976,1976
404,100012041974.jpeg,1068,1068
405,100012051971.jpeg,1027,1027
406,100012051975.jpeg,1075,1075
407,100012071969.jpeg,1337,1337
408,100012081969.jpeg,1364,1364
409,100012091966.jpeg,1350,1350
410,100012091969.jpeg,1362,1362
411,100012091973.jpeg,1039,1039
412,100012101969.jpeg,1359,1359
413,100012101970.jpeg,1035,1035
414,100012101975.jpeg,1041,1041
415,100012111969.jpeg,1337,1337
416,100012111970.jpeg,1042,1042
417,100012111973.jpeg,874,874
418,100012111975.jpeg,1118,1118
419,100012121969.jpeg,1362,1362
420,100012121972.jpeg,1463,1463
421,100012131969.jpeg,1345,1345
422,100012141966.jpeg,1235,1235
423,100012141968.jpeg,1487,1487
424,100012141969.jpeg,1352,1352
425,100012151968.jpeg,2168,2168
426,100012151969.jpeg,1362,1362
427,100012151970.jpeg,991,991
428,100012161969.jpeg,1332,1332
429,100012171969.jpeg,1345,1345
430,100012181967.jpeg,1123,1123
431,100012181973.jpeg,1398,1398
432,100012191969.jpeg,1354,1354
433,100012201969.jpeg,1366,1366
434,100012201971.jpeg,1629,1629
435,100012211969.jpeg,1360,1360
436,100012211971.jpeg,1020,1020
437,100012221965.jpeg,1856,1856
438,100012221969.jpeg,2216,2216
439,100012231965.jpeg,1912,1912
440,100012231968.jpeg,913,913
441,100012241967.jpeg,1010,1010
442,100012241971.jpeg,1024,1024
443,100012251966.jpeg,1042,1042
444,100012261966.jpeg,1206,1206
445,100012261967.jpeg,1346,1346
446,100012271967.jpeg,1680,1680
447,100012271969.jpeg,1960,1960
448,100012271971.jpeg,1019,1019
449,100012271972.jpeg,1064,1064
450,100012271973.jpeg,1116,1116
451,100012281967.jpeg,1705,1705
452,100012301972.jpeg,1093,1093
453,100012311972.jpeg,1091,1091
454,100012321969.jpeg,1202,1202
455,100012341969.jpeg,1332,1332
456,100012351967.jpeg,1048,1048
457,100012361967.jpeg,1043,1043
458,100012371963.jpeg,2005,2005
459,100012371966.jpeg,1343,1343
460,100012371967.jpeg,1624,1624
461,100012381964.jpeg,1250,1250
462,100012391964.jpeg,1136,1136
463,100012391971.jpeg,2048,2048
464,100012401969.jpeg,1047,1047
465,100012401971.jpeg,1041,1041
466,100012411965.jpeg,1168,1168
467,100012411971.jpeg,1960,1960
468,100012411976.jpeg,1088,1088
469,100012421972.jpeg,1401,1401
470,100012421976.jpeg,1081,1081
471,100012441964.jpeg,1029,1029
472,100012451964.jpeg,882,882
473,100012461967.jpeg,1418,1418
474,100021541964.jpeg,1346,1346
475,100021551964.jpeg,1936,1936
476,100021551965.jpeg,1321,1321
477,100021551973.jpeg,1036,1036
478,100021561964.jpeg,1053,1053
479,100021561973.jpeg,1051,1051
480,100021571970.jpeg,2120,2120
481,100021581965.jpeg,1377,1377
482,100021581970.jpeg,2128,2128
483,100021591965.jpeg,1380,1380
484,100021591970.jpeg,1388,1388
485,100021601970.jpeg,2104,2104
486,100021601972.jpeg,1542,1542
487,100021611965.jpeg,1069,1069
488,100021611970.jpeg,2104,2104
489,100021621971.jpeg,1261,1261
490,100021631964.jpeg,1850,1850
491,100021641966.jpeg,1257,1257
492,100021641973.jpeg,1087,1087
493,100021651966.jpeg,1377,1377
494,100021651967.jpeg,997,997
495,100021651970.jpeg,1051,1051
496,100021651975.jpeg,988,988
497,100021661974.jpeg,1064,1064
498,100021671971.jpeg,1026,1026
499,100021691965.jpeg,1315,1315
500,100021691971.jpeg,1035,1035
501,100021701965.jpeg,1252,1252
502,100021701967.jpeg,2152,2152
503,100021701971.jpeg,1038,1038
504,100021711966.jpeg,1355,1355
505,100021711971.jpeg,1046,1046
506,100021721971.jpeg,1038,1038
507,100021731975.jpeg,1060,1060
508,100021741972.jpeg,2216,2216
509,100021741975.jpeg,1066,1066
510,100021751967.jpeg,1505,1505
511,100021751969.jpeg,1542,1542
512,100021751972.jpeg,2216,2216
513,100021761967.jpeg,1015,1015
514,100021771966.jpeg,1087,1087
515,100021771970.jpeg,1984,1984
516,100021771971.jpeg,1035,1035
517,100021791967.jpeg,1022,1022
518,100021801972.jpeg,1070,1070
519,100021801976.jpeg,2144,2144
520,100021811965.jpeg,1120,1120
521,100021811975.jpeg,2368,2368
522,100021821966.jpeg,1033,1033
523,100021831966.jpeg,1446,1446
524,100021831971.jpeg,1221,1221
525,100021831974.jpeg,1116,1116
526,100021841966.jpeg,1448,1448
527,100021841976.jpeg,1123,1123
528,100021851964.jpeg,1003,1003
529,100021851976.jpeg,1135,1135
530,100021861967.jpeg,2220,2220
531,100021861969.jpeg,1051,1051
532,100021861976.jpeg,1144,1144
533,100021871967.jpeg,1460,1460
534,100021871971.jpeg,1694,1694
535,100021871976.jpeg,1141,1141
536,100021881970.jpeg,1505,1505
537,100021881971.jpeg,1687,1687
538,100021881972.jpeg,1075,1075
539,100021881974.jpeg,1111,1111
540,100021881976.jpeg,1136,1136
541,100021891966.jpeg,1298,1298
542,100021891969.jpeg,1395,1395
543,100021891970.jpeg,1505,1505
544,100021891972.jpeg,1527,1527
545,100021891973.jpeg,2128,2128
546,100021891974.jpeg,1109,1109
547,100021901964.jpeg,1276,1276
548,100021901968.jpeg,1038,1038
549,100021901970.jpeg,1505,1505
550,100021901972.jpeg,1075,1075
551,100021901974.jpeg,1121,1121
552,100021911964.jpeg,1098,1098
553,100021911965.jpeg,1336,1336
554,100021911970.jpeg,1505,1505
555,100021911974.jpeg,1100,1100
556,100021921969.jpeg,2120,2120
557,100021921970.jpeg,1505,1505
558,100021921971.jpeg,1041,1041
559,100021931970.jpeg,1036,1036
560,100021931973.jpeg,986,986
561,100021931976.jpeg,2144,2144
562,100021941964.jpeg,1250,1250
563,100021941970.jpeg,1505,1505
564,100021941973.jpeg,979,979
565,100030051969.jpeg,1042,1042
566,100030051971.jpeg,2240,2240
567,100030051976.jpeg,983,983
568,100030061976.jpeg,988,988
569,100030071965.jpeg,1023,1023
570,100030071976.jpeg,984,984
571,100030081976.jpeg,989,989
572,100030091964.jpeg,1006,1006
573,100030091967.jpeg,2128,2128
574,100030091969.jpeg,1376,1376
575,100030101969.jpeg,949,949
576,100030101974.jpeg,1057,1057
577,100030121974.jpeg,1059,1059
578,100030131970.jpeg,1046,1046
579,100030141970.jpeg,1037,1037
580,100030151970.jpeg,1039,1039
581,100030151974.jpeg,1521,1521
582,100030151975.jpeg,1017,1017
583,100030161966.jpeg,1900,1900
584,100030161970.jpeg,1042,1042
585,100030171970.jpeg,1039,1039
586,100030181966.jpeg,1293,1293
587,100030191975.jpeg,1479,1479
588,100030201975.jpeg,1160,1160
589,100030221967.jpeg,1019,1019
590,100030221969.jpeg,966,966
591,100030221991.jpeg,1443,1443
592,100030231969.jpeg,956,956
593,100030231971.jpeg,1452,1452
594,100030231991.jpeg,1441,1441
595,100030241967.jpeg,1128,1128
596,100030241969.jpeg,960,960
597,100030251969.jpeg,954,954
598,100030251971.jpeg,1721,1721
599,100030261965.jpeg,1263,1263
600,100030261966.jpeg,1425,1425
601,100030261969.jpeg,960,960
602,100030261971.jpeg,1021,1021
603,100030271966.jpeg,1037,1037
604,100030271969.jpeg,952,952
605,100030281969.jpeg,947,947
606,100030291969.jpeg,946,946
607,100030301969.jpeg,950,950
608,100030301973.jpeg,1052,1052
609,100030311966.jpeg,1373,1373
610,100030311967.jpeg,1037,1037
611,100030311969.jpeg,945,945
612,100030321969.jpeg,960,960
613,100030331966.jpeg,897,897
614,100030331969.jpeg,946,946
615,100030331976.jpeg,1046,1046
616,100030341968.jpeg,2224,2224
617,100030341969.jpeg,943,943
618,100030351965.jpeg,1063,1063
619,100030351968.jpeg,2224,2224
620,100030351969.jpeg,952,952
621,100030361968.jpeg,2144,2144
622,100030361969.jpeg,952,952
623,100030371968.jpeg,2224,2224
624,100030371969.jpeg,919,919
625,100030381965.jpeg,965,965
626,100030381968.jpeg,2232,2232
627,100030381969.jpeg,934,934
628,100030381975.jpeg,1062,1062
629,100030391965.jpeg,964,964
630,100030391968.jpeg,2232,2232
631,100030391969.jpeg,933,933
632,100030391973.jpeg,1103,1103
633,100030391975.jpeg,1060,1060
634,100030401965.jpeg,969,969
635,100030401966.jpeg,1359,1359
636,100030401969.jpeg,936,936
637,100030401973.jpeg,1118,1118
638,100030401975.jpeg,2008,2008
639,100030411969.jpeg,957,957
640,100030411973.jpeg,1530,1530
641,100030411976.jpeg,1111,1111
642,100030421976.jpeg,1108,1108
643,100030431965.jpeg,1045,1045
644,100030431966.jpeg,1321,1321
645,100030431970.jpeg,2056,2056
646,100030441966.jpeg,1334,1334
647,100030451966.jpeg,1335,1335
648,100030461965.jpeg,1267,1267
649,100030461966.jpeg,1335,1335
650,100030461968.jpeg,1353,1353
651,100030461969.jpeg,1872,1872
652,100030471965.jpeg,1499,1499
653,100030471966.jpeg,1329,1329
654,100030471968.jpeg,1278,1278
655,100030481966.jpeg,1335,1335
656,100030491966.jpeg,1332,1332
657,100030491973.jpeg,1113,1113
658,100030501966.jpeg,1323,1323
659,100030501967.jpeg,1057,1057
660,100030501968.jpeg,2128,2128
661,100030511966.jpeg,1324,1324
662,100030511968.jpeg,2128,2128
663,100030511971.jpeg,1624,1624
664,100030521966.jpeg,1338,1338
665,100030521968.jpeg,1567,1567
666,100030521970.jpeg,1054,1054
667,100030531966.jpeg,1332,1332
668,100030531968.jpeg,2064,2064
669,100030531970.jpeg,1045,1045
670,100030541966.jpeg,1340,1340
671,100030541967.jpeg,1135,1135
672,100030551966.jpeg,1351,1351
673,100030551969.jpeg,1062,1062
674,100030551975.jpeg,1970,1970
675,100030561966.jpeg,1322,1322
676,100030561969.jpeg,1264,1264
677,100030571966.jpeg,1331,1331
678,100030581966.jpeg,1322,1322
679,100030591966.jpeg,1342,1342
680,100030601966.jpeg,1353,1353
681,100030601971.jpeg,1040,1040
682,100030611966.jpeg,1330,1330
683,100030621966.jpeg,1330,1330
684,100030631966.jpeg,1325,1325
685,100030641966.jpeg,1323,1323
686,100030641971.jpeg,998,998
687,100030651966.jpeg,1327,1327
688,100030661965.jpeg,1324,1324
689,100030661966.jpeg,1320,1320
690,100030671966.jpeg,1327,1327
691,100030681966.jpeg,1320,1320
692,100030691966.jpeg,1326,1326
693,100030701966.jpeg,1324,1324
694,100030701975.jpeg,1111,1111
695,100030711966.jpeg,1336,1336
696,100030711971.jpeg,1145,1145
697,100030711975.jpeg,1106,1106
698,100030721966.jpeg,2048,2048
699,100030731964.jpeg,1257,1257
700,100030731966.jpeg,1294,1294
701,100030731973.jpeg,2136,2136
702,100030741966.jpeg,1341,1341
703,100030751966.jpeg,2653,2653
704,100030751970.jpeg,3040,3040
705,100030761966.jpeg,1338,1338
706,100030771966.jpeg,1328,1328
707,100030781966.jpeg,1346,1346
708,100030781967.jpeg,1419,1419
709,100030791966.jpeg,1353,1353
710,100030801966.jpeg,1353,1353
711,100030811966.jpeg,1330,1330
712,100030821966.jpeg,1316,1316
713,100034981971.jpeg,1291,1291
714,100034991973.jpeg,1568,1568
715,100035001973.jpeg,1610,1610
716,100035011973.jpeg,1821,1821
717,100035021964.jpeg,1036,1036
718,100035051965.jpeg,992,992
719,100035061971.jpeg,1103,1103
720,100035061975.jpeg,1054,1054
721,100035071967.jpeg,2096,2096
722,100035071971.jpeg,2214,2214
723,100035071973.jpeg,1087,1087
724,100035081964.jpeg,1404,1404
725,100035081973.jpeg,1551,1551
726,100035091965.jpeg,994,994
727,100035091973.jpeg,1101,1101
728,100035091976.jpeg,1388,1388
729,100035101968.jpeg,1052,1052
730,100035101971.jpeg,1040,1040
731,100035111968.jpeg,1045,1045
732,100035111972.jpeg,1026,1026
733,100035121966.jpeg,988,988
734,100035121972.jpeg,1037,1037
735,100035131966.jpeg,1042,1042
736,100035141974.jpeg,1042,1042
737,100035151966.jpeg,1391,1391
738,100035151967.jpeg,1048,1048
739,100035151974.jpeg,1102,1102
740,100035171971.jpeg,1026,1026
741,100035181972.jpeg,1019,1019
742,100035191966.jpeg,1132,1132
743,100035191969.jpeg,1112,1112
744,100035201967.jpeg,1302,1302
745,100035201975.jpeg,1050,1050
746,100035211971.jpeg,1057,1057
747,100035211975.jpeg,1027,1027
748,100035231966.jpeg,2310,2310
749,100035241968.jpeg,1287,1287
750,100035251968.jpeg,1680,1680
751,100035251970.jpeg,937,937
752,100035271974.jpeg,1071,1071
753,100035281973.jpeg,1048,1048
754,100035291964.jpeg,1388,1388
755,100035291973.jpeg,1145,1145
756,100035301964.jpeg,2136,2136
757,100035301976.jpeg,1052,1052
758,100035311964.jpeg,915,915
759,100035311969.jpeg,2104,2104
760,100035321964.jpeg,942,942
761,100035321970.jpeg,1454,1454
762,100035331964.jpeg,909,909
763,100035331975.jpeg,1229,1229
764,100035341964.jpeg,928,928
765,100035351964.jpeg,923,923
766,100035361964.jpeg,904,904
767,100035381964.jpeg,1181,1181
768,100035381966.jpeg,1032,1032
769,100035391972.jpeg,1051,1051
770,100035391975.jpeg,1002,1002
771,100035401975.jpeg,1046,1046
772,100035411973.jpeg,1014,1014
773,100035411975.jpeg,1055,1055
774,100035431971.jpeg,1040,1040
775,100035441969.jpeg,897,897
776,100035441971.jpeg,1030,1030
777,100035451966.jpeg,1029,1029
778,100035451976.jpeg,1084,1084
779,100035461968.jpeg,1035,1035
780,100035461976.jpeg,1083,1083
781,100035471966.jpeg,1511,1511
782,100035471967.jpeg,1522,1522
783,100035471976.jpeg,1083,1083
784,100035481968.jpeg,1575,1575
785,100035481974.jpeg,1093,1093
786,100035481976.jpeg,1087,1087
787,100035501964.jpeg,1310,1310
788,100035501965.jpeg,907,907
789,100035501971.jpeg,1458,1458
790,100035501976.jpeg,1083,1083
791,100042551971.jpeg,1257,1257
792,100042561971.jpeg,1036,1036
793,100042571971.jpeg,1416,1416
794,100042571973.jpeg,2144,2144
795,100042581971.jpeg,1960,1960
796,100042591974.jpeg,1066,1066
797,100042601968.jpeg,2104,2104
798,100042601971.jpeg,1463,1463
799,100042611971.jpeg,2016,2016
800,100042621966.jpeg,899,899
801,100042621972.jpeg,2088,2088
802,100042641974.jpeg,1067,1067
803,100042651970.jpeg,2112,2112
804,100042661968.jpeg,1054,1054
805,100042661970.jpeg,989,989
806,100042671970.jpeg,2104,2104
807,100042681968.jpeg,928,928
808,100042681970.jpeg,992,992
809,100042691974.jpeg,1044,1044
810,100042701967.jpeg,1307,1307
811,100042701970.jpeg,2080,2080
812,100042711968.jpeg,909,909
813,100042711970.jpeg,2088,2088
814,100042721970.jpeg,2136,2136
815,100042731969.jpeg,1054,1054
816,100042741969.jpeg,1076,1076
817,100042751969.jpeg,1078,1078
818,100042761969.jpeg,1079,1079
819,100042771967.jpeg,1111,1111
820,100042771969.jpeg,1078,1078
821,100042781968.jpeg,1045,1045
822,100042781969.jpeg,1078,1078
823,100042781972.jpeg,1105,1105
824,100042791970.jpeg,1047,1047
825,100042801968.jpeg,1046,1046
826,100042801969.jpeg,1076,1076
827,100042811968.jpeg,1059,1059
828,100042821966.jpeg,1476,1476
829,100042821967.jpeg,1671,1671
830,100042821968.jpeg,1039,1039
831,100042831968.jpeg,1045,1045
832,100042841966.jpeg,1017,1017
833,100042841968.jpeg,1046,1046
834,100042841969.jpeg,1307,1307
835,100042851968.jpeg,1041,1041
836,100042851971.jpeg,1045,1045
837,100042851976.jpeg,2104,2104
838,100042861968.jpeg,1041,1041
839,100042861976.jpeg,2096,2096
840,100042871968.jpeg,1043,1043
841,100042871976.jpeg,2104,2104
842,100042881968.jpeg,1043,1043
843,100042881976.jpeg,2088,2088
844,100042891976.jpeg,2104,2104
845,100042901976.jpeg,2080,2080
846,100042911966.jpeg,938,938
847,100042911976.jpeg,2112,2112
848,100042921966.jpeg,942,942
849,100042921969.jpeg,1763,1763
850,100042921975.jpeg,1081,1081
851,100042921976.jpeg,2112,2112
852,100042931972.jpeg,1095,1095
853,100042931975.jpeg,1084,1084
854,100042931976.jpeg,2112,2112
855,100042941969.jpeg,1350,1350
856,100042941976.jpeg,2088,2088
857,100042951967.jpeg,1216,1216
858,100042951970.jpeg,1574,1574
859,100042951976.jpeg,2104,2104
860,100042961970.jpeg,1055,1055
861,100042961974.jpeg,1516,1516
862,100042961976.jpeg,2096,2096
863,100042971974.jpeg,1512,1512
864,100042971976.jpeg,2088,2088
865,100042981964.jpeg,1268,1268
866,100042981976.jpeg,2128,2128
867,100042991971.jpeg,1045,1045
868,100042991976.jpeg,2104,2104
869,100043001966.jpeg,1088,1088
870,100043001969.jpeg,2096,2096
871,100043001971.jpeg,1041,1041
872,100043001972.jpeg,1061,1061
873,100043001976.jpeg,2104,2104
874,100043011971.jpeg,1042,1042
875,100043011976.jpeg,2080,2080
876,100043021976.jpeg,2088,2088
877,100043031976.jpeg,2046,2046
878,100043041976.jpeg,1371,1371
879,100043051966.jpeg,1301,1301
880,100043051967.jpeg,1513,1513
881,103412911979.jpeg,1006,1006
882,103456141996.jpeg,2168,2168
883,103556701996.jpeg,2096,2096
884,109340781990.jpeg,1029,1029
885,117516322014.jpeg,5677,5677
886,117516372014.jpeg,5659,5659
887,117516402014.jpeg,5650,5650
888,117516432014.jpeg,5650,5650
889,117516462014.jpeg,5674,5674
890,117516542014.jpeg,5662,5662
891,117516552014.jpeg,5687,5687
892,117516562014.jpeg,5683,5683
893,117516572014.jpeg,5662,5662
894,117516582014.jpeg,5702,5702
895,117516592014.jpeg,5665,5665
896,117516622014.jpeg,5668,5668
897,117516642014.jpeg,5689,5689
898,117516662014.jpeg,5680,5680
899,117516682014.jpeg,5689,5689
900,117517122014.jpeg,5650,5650
901,117517142014.jpeg,5714,5714
902,117517502014.jpeg,5659,5659
903,117517522014.jpeg,5644,5644
904,117517542014.jpeg,5659,5659
905,117517562014.jpeg,5659,5659
906,117518712014.jpeg,5683,5683
907,117518902014.jpeg,5446,5446
908,117518912014.jpeg,5452,5452
909,117518932014.jpeg,5446,5446
910,117518942014.jpeg,5459,5459
911,117518962014.jpeg,5455,5455
912,117518972014.jpeg,5462,5462
913,117518992014.jpeg,5447,5447
914,117519002014.jpeg,5459,5459
915,117519012014.jpeg,5447,5447
916,117519022014.jpeg,5459,5459
917,117519032014.jpeg,5441,5441
918,117519052014.jpeg,5450,5450
919,117519062014.jpeg,5446,5446
920,117519072014.jpeg,5449,5449
921,117519082014.jpeg,5453,5453
922,117519092014.jpeg,5453,5453
923,117519102014.jpeg,5444,5444
924,117519112014.jpeg,5449,5449
925,117519122014.jpeg,5495,5495
926,117519132014.jpeg,5459,5459
927,117519142014.jpeg,5455,5455
928,117519152014.jpeg,5456,5456
929,117519162014.jpeg,5462,5462
930,117519182014.jpeg,5456,5456
931,117519192014.jpeg,5465,5465
932,117519202014.jpeg,5452,5452
933,117519212014.jpeg,5450,5450
934,117519222014.jpeg,5450,5450
935,117519232014.jpeg,5456,5456
936,117519242014.jpeg,5462,5462
937,117522622014.jpeg,5674,5674
938,117522662014.jpeg,5674,5674
939,117522712014.jpeg,5674,5674
940,117522752014.jpeg,5698,5698
941,117522792014.jpeg,5686,5686
942,117522852014.jpeg,5677,5677
943,117522892014.jpeg,5689,5689
944,117528732014.jpeg,4407,4407
945,117529512014.jpeg,4436,4436
946,117529782014.jpeg,4594,4594
947,117531132014.jpeg,3879,3879
948,117531142014.jpeg,4096,4096
949,117531872014.jpeg,5404,5404
950,117531892014.jpeg,4029,4029
951,117533412014.jpeg,4035,4035
952,117533652014.jpeg,4289,4289
953,117533682014.jpeg,4288,4288
954,117533702014.jpeg,4282,4282
955,117535342014.jpeg,4395,4395
956,117536182014.jpeg,4484,4484
957,117537982014.jpeg,4108,4108
958,117541032014.jpeg,4023,4023
959,117541042014.jpeg,4023,4023
960,117543662014.jpeg,4041,4041
961,117544892014.jpeg,5723,5723
962,117548112014.jpeg,5711,5711
963,117548252014.jpeg,5433,5433
964,117550902014.jpeg,5668,5668
965,117551242014.jpeg,4169,4169
966,117552132014.jpeg,4169,4169
967,117552142014.jpeg,4169,4169
968,117552382014.jpeg,5671,5671
969,117552392014.jpeg,5681,5681
970,117555182014.jpeg,4017,4017
971,117556222014.jpeg,4137,4137
972,117558812014.jpeg,5440,5440
973,117559122014.jpeg,4138,4138
974,117559172014.jpeg,5438,5438
975,117560292014.jpeg,4089,4089
976,117560712014.jpeg,3971,3971
977,117560822014.jpeg,5456,5456
978,117560892014.jpeg,5668,5668
979,117560982014.jpeg,5456,5456
980,117562532014.jpeg,3899,3899
981,117562922014.jpeg,3910,3910
982,117563142014.jpeg,4108,4108
983,117563232014.jpeg,4107,4107
984,117563252014.jpeg,4024,4024
985,117563262014.jpeg,4041,4041
986,117563472014.jpeg,4065,4065
987,117565502014.jpeg,4030,4030
988,117565512014.jpeg,4053,4053
989,117565732014.jpeg,4190,4190
990,117565832014.jpeg,5435,5435
991,117565992014.jpeg,4023,4023
992,117566052014.jpeg,4030,4030
993,117566692014.jpeg,3944,3944
994,117566932014.jpeg,4036,4036
995,117567742014.jpeg,5411,5411
996,117567752014.jpeg,4143,4143
997,117569792014.jpeg,4114,4114
998,117572422014.jpeg,4120,4120
999,117572682014.jpeg,4035,4035
1000,117572702014.jpeg,3929,3929
1001,117573922014.jpeg,5405,5405
1002,117594882014.jpeg,4158,4158
1003,117594892014.jpeg,4149,4149
1004,117594912014.jpeg,4149,4149
1005,117594952014.jpeg,4149,4149
1006,117594992014.jpeg,4167,4167
1007,117595032014.jpeg,4152,4152
1008,117595062014.jpeg,4202,4202
1009,117595762014.jpeg,4146,4146
1010,117595772014.jpeg,4197,4197
1011,117595792014.jpeg,4134,4134
1012,117595802014.jpeg,4116,4116
1013,117595832014.jpeg,4151,4151
1014,117595872014.jpeg,4158,4158
1015,117595882014.jpeg,4167,4167
1016,117595892014.jpeg,4145,4145
1017,117595912014.jpeg,4152,4152
1018,117595922014.jpeg,4203,4203
1019,117595932014.jpeg,4164,4164
1020,117595942014.jpeg,4203,4203
1021,117595952014.jpeg,4209,4209
1022,117595962014.jpeg,4149,4149
1023,117598182014.jpeg,3938,3938
1024,117598272014.jpeg,4126,4126
1025,117598292014.jpeg,4120,4120
1026,117599302014.jpeg,4017,4017
1027,117601332014.jpeg,4418,4418
1028,117601552014.jpeg,4161,4161
1029,117601592014.jpeg,4021,4021
1030,117602512014.jpeg,4155,4155
1031,117603912014.jpeg,4053,4053
1032,117604322014.jpeg,3985,3985
1033,117604332014.jpeg,3980,3980
1034,117604572014.jpeg,4080,4080
1035,117604582014.jpeg,4000,4000
1036,117605152014.jpeg,3985,3985
1037,117608092014.jpeg,4138,4138
1038,117608582014.jpeg,4144,4144
1039,117609132014.jpeg,4156,4156
1040,117609142014.jpeg,4138,4138
1041,117609572014.jpeg,4126,4126
1042,117609582014.jpeg,4114,4114
1043,117609592014.jpeg,4120,4120
1044,117609602014.jpeg,4114,4114
1045,117609612014.jpeg,4126,4126
1046,117609622014.jpeg,4120,4120
1047,117609632014.jpeg,5614,5614
1048,117609642014.jpeg,5611,5611
1049,117609952014.jpeg,4023,4023
1050,117610822014.jpeg,3916,3916
1051,117611222014.jpeg,4029,4029
1052,117611822014.jpeg,4063,4063
1053,117611842014.jpeg,4110,4110
1054,117611862014.jpeg,4087,4087
1055,117612242014.jpeg,4460,4460
1056,117613322014.jpeg,4024,4024
1057,117613462014.jpeg,3986,3986
1058,117614372014.jpeg,3861,3861
1059,117614632014.jpeg,3884,3884
1060,117615582014.jpeg,3861,3861
1061,117615592014.jpeg,3855,3855
1062,117615612014.jpeg,5324,5324
1063,117616962014.jpeg,3900,3900
1064,117619152014.jpeg,4125,4125
1065,117621752014.jpeg,4167,4167
1066,117623112014.jpeg,4089,4089
1067,117623122014.jpeg,4084,4084
1068,117623132014.jpeg,4011,4011
1069,117623142014.jpeg,4071,4071
1070,117623552014.jpeg,5481,5481
1071,117623802014.jpeg,4283,4283
1072,117624992014.jpeg,3999,3999
1073,117625842014.jpeg,4137,4137
1074,117625892014.jpeg,4131,4131
1075,117625902014.jpeg,4137,4137
1076,117627742014.jpeg,4113,4113
1077,117628772014.jpeg,3989,3989
1078,117629072014.jpeg,4081,4081
1079,117629242014.jpeg,3989,3989
1080,117630802014.jpeg,4116,4116
1081,117630812014.jpeg,4110,4110
1082,117630822014.jpeg,4122,4122
1083,117630832014.jpeg,4122,4122
1084,117630842014.jpeg,4122,4122
1085,117630852014.jpeg,4128,4128
1086,117631902014.jpeg,3989,3989
1087,117633902014.jpeg,4143,4143
1088,117633922014.jpeg,4149,4149
1089,117633952014.jpeg,4137,4137
1090,117633982014.jpeg,4137,4137
1091,117633992014.jpeg,4149,4149
1092,117634002014.jpeg,4155,4155
1093,117634012014.jpeg,4161,4161
1094,117635692014.jpeg,4116,4116
1095,117635782014.jpeg,4116,4116
1096,117635812014.jpeg,4134,4134
1097,117635822014.jpeg,4122,4122
1098,117635842014.jpeg,4161,4161
1099,117635862014.jpeg,4134,4134
1100,117636732014.jpeg,3981,3981
1101,117636862014.jpeg,4138,4138
1102,117637162014.jpeg,3969,3969
1103,117638012014.jpeg,3893,3893
1104,117640212014.jpeg,3952,3952
1105,117640912014.jpeg,4155,4155
1106,117640972014.jpeg,4295,4295
1107,117640982014.jpeg,4276,4276
1108,117640992014.jpeg,4280,4280
1109,117641062014.jpeg,3999,3999
1110,117641072014.jpeg,3982,3982
1111,117641082014.jpeg,3976,3976
1112,117641092014.jpeg,4030,4030
1113,117642532014.jpeg,4169,4169
1114,117643222014.jpeg,5372,5372
1115,117643742014.jpeg,4025,4025
1116,117644812014.jpeg,3916,3916
1117,117645302014.jpeg,3991,3991
1118,117645372014.jpeg,4142,4142
1119,117645482014.jpeg,4092,4092
1120,117645632014.jpeg,4024,4024
1121,117645772014.jpeg,4169,4169
1122,117645992014.jpeg,4084,4084
1123,117646002014.jpeg,4095,4095
1124,117646012014.jpeg,4113,4113
1125,117648342014.jpeg,3997,3997
1126,117650592014.jpeg,3866,3866
1127,117651472014.jpeg,3922,3922
1128,117652822014.jpeg,4007,4007
1129,117655002014.jpeg,3897,3897
1130,613023762008.jpeg,5642,5642
1131,613023772008.jpeg,5714,5714
1132,613023782008.jpeg,5672,5672
1133,613023792008.jpeg,5655,5655
1134,613023802008.jpeg,5642,5642
1135,613023812008.jpeg,5686,5686
1136,613023822008.jpeg,5650,5650
1137,613023832008.jpeg,5638,5638
1138,613025442008.jpeg,3808,3808
1139,613025452008.jpeg,5646,5646
1140,613026132008.jpeg,5599,5599
1141,613036722008.jpeg,4169,4169
1142,613038902008.jpeg,5679,5679
1143,613044092008.jpeg,4147,4147
1144,613045972008.jpeg,4279,4279
1145,613046832008.jpeg,4172,4172
1146,613047242008.jpeg,4181,4181
1147,613051142008.jpeg,4298,4298
1148,613054042008.jpeg,5449,5449
1149,613055292008.jpeg,4140,4140
1150,613055302008.jpeg,4086,4086
1151,613055312008.jpeg,4056,4056
1152,613055832008.jpeg,5590,5590
1153,613057572008.jpeg,4060,4060
1154,613057892008.jpeg,5892,5892
1155,613065592008.jpeg,4081,4081
1156,613065602008.jpeg,4102,4102
1157,613065962008.jpeg,4223,4223
1158,613069272008.jpeg,4083,4083
1159,613070082008.jpeg,4137,4137
1160,613072462008.jpeg,4043,4043
1161,613073182008.jpeg,4046,4046
1162,613081712008.jpeg,4285,4285
1163,613081722008.jpeg,4280,4280
1164,613081732008.jpeg,4268,4268
1165,613081742008.jpeg,4268,4268
1166,613081752008.jpeg,4282,4282
1167,613081762008.jpeg,4270,4270
1168,613081942008.jpeg,4169,4169
1169,613081952008.jpeg,4169,4169
1170,613081972008.jpeg,4169,4169
1171,613081982008.jpeg,4169,4169
1172,613082002008.jpeg,4169,4169
1173,613082022008.jpeg,4169,4169
1174,613082212008.jpeg,4308,4308
1175,613082222008.jpeg,4307,4307
1176,613082232008.jpeg,4282,4282
1177,613082242008.jpeg,4320,4320
1178,613082252008.jpeg,4333,4333
1179,613082262008.jpeg,4308,4308
1180,613082272008.jpeg,4308,4308
1181,613082282008.jpeg,4270,4270
1182,613082292008.jpeg,4280,4280
1183,613082302008.jpeg,4292,4292
1184,613082312008.jpeg,4292,4292
1185,613082322008.jpeg,4268,4268
1186,613083122008.jpeg,4169,4169
1187,613083452008.jpeg,4169,4169
1188,613086392008.jpeg,4169,4169
1189,613086412008.jpeg,4169,4169
1190,613086912008.jpeg,2903,2903
1191,613086942008.jpeg,2915,2915
1192,613086952008.jpeg,4308,4308
1193,613086962008.jpeg,2926,2926
1194,613086972008.jpeg,4320,4320
1195,613086982008.jpeg,2903,2903
1196,613086992008.jpeg,4332,4332
1197,613087002008.jpeg,4320,4320
1198,613087012008.jpeg,2891,2891
1199,613087022008.jpeg,2903,2903
1200,613087042008.jpeg,4296,4296
1201,613087252008.jpeg,4169,4169
1202,613087812008.jpeg,4295,4295
1203,613087822008.jpeg,4299,4299
1204,613087832008.jpeg,4310,4310
1205,613087842008.jpeg,3795,3795
1206,613087852008.jpeg,4305,4305
1207,613089262008.jpeg,4140,4140
1208,613089812008.jpeg,2917,2917
1209,613090512008.jpeg,2880,2880
1210,613090522008.jpeg,2892,2892
1211,613090652008.jpeg,4169,4169
1212,613092342008.jpeg,4319,4319
1213,613092352008.jpeg,4319,4319
1214,613094862008.jpeg,4308,4308
1215,613097742008.jpeg,3974,3974
1216,613097762008.jpeg,3951,3951
1217,613097772008.jpeg,3962,3962
1218,613097872008.jpeg,4161,4161
1219,613097902008.jpeg,4167,4167
1220,613097912008.jpeg,4165,4165
1221,613097942008.jpeg,4147,4147
1222,613097952008.jpeg,4173,4173
1223,613100362008.jpeg,4147,4147
1224,613100382008.jpeg,4117,4117
1225,613100412008.jpeg,4152,4152
1226,613100422008.jpeg,4183,4183
1227,613100442008.jpeg,4171,4171
1228,613102002008.jpeg,3932,3932
1229,613102032008.jpeg,3987,3987
1230,613102302008.jpeg,4169,4169
1231,613102312008.jpeg,4121,4121
1232,613102322008.jpeg,4169,4169
1233,613102332008.jpeg,4169,4169
1234,613102662008.jpeg,4146,4146
1235,613102772008.jpeg,4144,4144
1236,613104262008.jpeg,3937,3937
1237,613104272008.jpeg,3664,3664
1238,613104772008.jpeg,4169,4169
1239,613104782008.jpeg,4169,4169
1240,613104842008.jpeg,4169,4169
1241,613107122008.jpeg,4280,4280
1242,613107142008.jpeg,4304,4304
1243,613107152008.jpeg,4304,4304
1244,613107172008.jpeg,4294,4294
1245,613107192008.jpeg,4292,4292
1246,613107212008.jpeg,4280,4280
1247,613107222008.jpeg,4294,4294
1248,613107232008.jpeg,4282,4282
1249,613107372008.jpeg,4169,4169
1250,613436042009.jpeg,6257,6257
1251,613561472009.jpeg,4235,4235
1252,613561552009.jpeg,4169,4169
1253,613561562009.jpeg,4159,4159
1254,613561582009.jpeg,4139,4139
1255,613561612009.jpeg,4169,4169
1256,613565182009.jpeg,4169,4169
1257,613565212009.jpeg,4169,4169
1258,613565252009.jpeg,4169,4169
1259,613565272009.jpeg,4169,4169
1260,613565342009.jpeg,4169,4169
1261,613567022009.jpeg,4169,4169
1262,613567032009.jpeg,4169,4169
1263,613567042009.jpeg,4169,4169
1264,613567072009.jpeg,4169,4169
1265,613567682009.jpeg,4142,4142
1266,613568382009.jpeg,4268,4268
1267,613572172009.jpeg,4230,4230
1268,613572432009.jpeg,4244,4244
1269,613572462009.jpeg,2880,2880
1270,613574072009.jpeg,5530,5530
1271,613575722009.jpeg,4102,4102
1272,613580312009.jpeg,4169,4169
1273,613581222009.jpeg,4142,4142
1274,613583762009.jpeg,4167,4167
1275,613589802009.jpeg,4319,4319
1276,613590122009.jpeg,4201,4201
1277,613590132009.jpeg,4195,4195
1278,613590142009.jpeg,4177,4177
1279,613591592009.jpeg,5650,5650
1280,613592152009.jpeg,4134,4134
1281,613592162009.jpeg,4059,4059
1282,613592172009.jpeg,4083,4083
1283,613592182009.jpeg,4137,4137
1284,613594932009.jpeg,4180,4180
1285,613604212009.jpeg,4172,4172
1286,613605112009.jpeg,4290,4290
1287,613606242009.jpeg,4163,4163
1288,613606252009.jpeg,4156,4156
1289,613606262009.jpeg,4171,4171
1290,613607122009.jpeg,4179,4179
1291,613607302009.jpeg,4162,4162
1292,613607312009.jpeg,4142,4142
1293,613609992009.jpeg,4169,4169
1294,613610002009.jpeg,4169,4169
1295,613610012009.jpeg,4169,4169
1296,613610022009.jpeg,4047,4047
1297,613610032009.jpeg,4169,4169
1298,613610422009.jpeg,4169,4169
1299,613610432009.jpeg,4023,4023
1300,613610442009.jpeg,4042,4042
1301,613610452009.jpeg,4169,4169
1302,613610462009.jpeg,4169,4169
1303,613613792009.jpeg,7620,7620
1304,613613802009.jpeg,7534,7534
1305,613614532009.jpeg,5565,5565
1306,613614542009.jpeg,7664,7664
1307,613614552009.jpeg,5578,5578
1308,613614582009.jpeg,5554,5554
1309,613614642009.jpeg,5697,5697
1310,613614652009.jpeg,5554,5554
1311,613614672009.jpeg,7520,7520
1312,613616272009.jpeg,4046,4046
1313,613623312009.jpeg,4319,4319
1314,613623342009.jpeg,4319,4319
1315,613623362009.jpeg,4319,4319
1316,613623392009.jpeg,4319,4319
1317,613623402009.jpeg,4319,4319
1318,613632452009.jpeg,3832,3832
1319,613634262009.jpeg,3952,3952
1320,613637312009.jpeg,4147,4147
1321,613641622009.jpeg,4174,4174
1322,613641662009.jpeg,4171,4171
1323,613643552009.jpeg,5840,5840
1324,613645592009.jpeg,4105,4105
1325,613645602009.jpeg,4123,4123
1326,613646092009.jpeg,4206,4206
1327,613646112009.jpeg,4145,4145
1328,613646122009.jpeg,4150,4150
1329,613646132009.jpeg,4129,4129
1330,613646782009.jpeg,1472,1472
1331,613649022009.jpeg,4084,4084
1332,613654612009.jpeg,3726,3726
1333,613658532009.jpeg,4174,4174
1334,613658762009.jpeg,4167,4167
1335,613658772009.jpeg,4191,4191
1336,613665072009.jpeg,2084,2084
1337,613665852009.jpeg,4319,4319
1338,613670992009.jpeg,4293,4293
1339,613681812009.jpeg,5691,5691
1340,613681822009.jpeg,5626,5626
1341,613682032009.jpeg,4077,4077
1342,613682292009.jpeg,4066,4066
1343,613683312009.jpeg,4166,4166
1344,613687412009.jpeg,5644,5644
1345,613692482009.jpeg,4319,4319
1346,613695132009.jpeg,4169,4169
1347,613695962009.jpeg,4319,4319
1348,613696452009.jpeg,4280,4280
1349,613697202009.jpeg,4021,4021
1350,613697212009.jpeg,4086,4086
1351,613698922009.jpeg,4110,4110
1352,613703772009.jpeg,4312,4312
1353,613704052009.jpeg,4277,4277
1354,613705512009.jpeg,4319,4319
1355,613717722009.jpeg,3971,3971
1356,613717742009.jpeg,3971,3971
1357,613719532009.jpeg,3996,3996
1358,613724422009.jpeg,4044,4044
1359,613724442009.jpeg,4092,4092
1360,613726042009.jpeg,4169,4169
1361,613747082009.jpeg,2062,2062
1362,613753212009.jpeg,4169,4169
1363,613753222009.jpeg,4169,4169
1364,613753232009.jpeg,4169,4169
1365,613753242009.jpeg,4169,4169
1366,613753252009.jpeg,4169,4169
1367,613753712009.jpeg,5828,5828
1368,613753972009.jpeg,5650,5650
1369,614070682010.jpeg,4088,4088
1370,614070712010.jpeg,4085,4085
1371,614071172010.jpeg,4090,4090
1372,614072262010.jpeg,3997,3997
1373,614073902010.jpeg,4085,4085
1374,614074752010.jpeg,3991,3991
1375,614077532010.jpeg,3975,3975
1376,614077782010.jpeg,4066,4066
1377,614077792010.jpeg,4085,4085
1378,614077802010.jpeg,4079,4079
1379,614077812010.jpeg,4084,4084
1380,614077822010.jpeg,4092,4092
1381,614077832010.jpeg,4089,4089
1382,614077842010.jpeg,4083,4083
1383,614077852010.jpeg,4082,4082
1384,614077862010.jpeg,4085,4085
1385,614077872010.jpeg,4069,4069
1386,614077882010.jpeg,4080,4080
1387,614077892010.jpeg,4088,4088
1388,614077902010.jpeg,4069,4069
1389,614077912010.jpeg,4076,4076
1390,614077922010.jpeg,4088,4088
1391,614077932010.jpeg,4081,4081
1392,614077942010.jpeg,4085,4085
1393,614077952010.jpeg,4080,4080
1394,614077962010.jpeg,4079,4079
1395,614082172010.jpeg,3972,3972
1396,614082192010.jpeg,3975,3975
1397,614082212010.jpeg,3969,3969
1398,614082232010.jpeg,3950,3950
1399,614082252010.jpeg,3969,3969
1400,614082262010.jpeg,3972,3972
1401,614082272010.jpeg,3969,3969
1402,614083722010.jpeg,3895,3895
1403,614087952010.jpeg,4050,4050
1404,614087972010.jpeg,3925,3925
1405,614090352010.jpeg,3953,3953
1406,614095842010.jpeg,4081,4081
1407,614100212010.jpeg,3879,3879
1408,614100222010.jpeg,3844,3844
1409,614100242010.jpeg,3817,3817
1410,614110542010.jpeg,4098,4098
1411,614110552010.jpeg,4103,4103
1412,614110562010.jpeg,4103,4103
1413,614110572010.jpeg,4103,4103
1414,614110582010.jpeg,4106,4106
1415,614110592010.jpeg,4106,4106
1416,614110602010.jpeg,4100,4100
1417,614110622010.jpeg,4103,4103
1418,614110632010.jpeg,4106,4106
1419,614110642010.jpeg,4099,4099
1420,614110652010.jpeg,4097,4097
1421,614110662010.jpeg,4106,4106
1422,614110672010.jpeg,4107,4107
1423,614110682010.jpeg,4101,4101
1424,614110692010.jpeg,4107,4107
1425,614110702010.jpeg,4100,4100
1426,614110722010.jpeg,4105,4105
1427,614110732010.jpeg,3761,3761
1428,614111032010.jpeg,4005,4005
1429,614111102010.jpeg,4084,4084
1430,614111112010.jpeg,4097,4097
1431,614111122010.jpeg,4080,4080
1432,614111132010.jpeg,4099,4099
1433,614111142010.jpeg,4100,4100
1434,614111152010.jpeg,4097,4097
1435,614111162010.jpeg,4100,4100
1436,614111172010.jpeg,4096,4096
1437,614111182010.jpeg,4105,4105
1438,614111192010.jpeg,4092,4092
1439,614111202010.jpeg,4102,4102
1440,614111212010.jpeg,4100,4100
1441,614111222010.jpeg,4081,4081
1442,614111232010.jpeg,4084,4084
1443,614111242010.jpeg,4097,4097
1444,614111252010.jpeg,4103,4103
1445,614111262010.jpeg,4081,4081
1446,614111272010.jpeg,4097,4097
1447,614111282010.jpeg,4089,4089
1448,614111292010.jpeg,4086,4086
1449,614111302010.jpeg,4097,4097
1450,614111312010.jpeg,4091,4091
1451,614111322010.jpeg,4100,4100
1452,614111332010.jpeg,4103,4103
1453,614111342010.jpeg,4100,4100
1454,614111352010.jpeg,4099,4099
1455,614111362010.jpeg,4103,4103
1456,614111372010.jpeg,4106,4106
1457,614111382010.jpeg,4084,4084
1458,614111792010.jpeg,4078,4078
1459,614111802010.jpeg,4077,4077
1460,614111812010.jpeg,4078,4078
1461,614112032010.jpeg,4083,4083
1462,614112042010.jpeg,4101,4101
1463,614112052010.jpeg,4100,4100
1464,614112062010.jpeg,4101,4101
1465,614112082010.jpeg,4094,4094
1466,614112092010.jpeg,4100,4100
1467,614112102010.jpeg,4094,4094
1468,614112112010.jpeg,4103,4103
1469,614112132010.jpeg,4097,4097
1470,614112162010.jpeg,4098,4098
1471,614112172010.jpeg,4105,4105
1472,614112182010.jpeg,4078,4078
1473,614112192010.jpeg,4103,4103
1474,614112362010.jpeg,4002,4002
1475,614112672010.jpeg,4099,4099
1476,614112682010.jpeg,4102,4102
1477,614112802010.jpeg,4084,4084
1478,614112822010.jpeg,4097,4097
1479,614112832010.jpeg,4084,4084
1480,614113422010.jpeg,4099,4099
1481,614113992010.jpeg,4109,4109
1482,614114002010.jpeg,4104,4104
1483,614114012010.jpeg,4107,4107
1484,614114022010.jpeg,4095,4095
1485,614114032010.jpeg,4098,4098
1486,614114042010.jpeg,4103,4103
1487,614114052010.jpeg,4091,4091
1488,614114062010.jpeg,4100,4100
1489,614114072010.jpeg,4106,4106
1490,614114082010.jpeg,4102,4102
1491,614114742010.jpeg,4084,4084
1492,614114752010.jpeg,4084,4084
1493,614115132010.jpeg,4101,4101
1494,614115172010.jpeg,4100,4100
1495,614115882010.jpeg,4100,4100
1496,614115892010.jpeg,4103,4103
1497,614115902010.jpeg,4099,4099
1498,614115912010.jpeg,4100,4100
1499,614115922010.jpeg,4107,4107
1500,614115932010.jpeg,4080,4080
1501,614115942010.jpeg,4102,4102
1502,614116252010.jpeg,4080,4080
1503,614116282010.jpeg,4097,4097
1504,614116292010.jpeg,4103,4103
1505,614116702010.jpeg,4103,4103
1506,614116712010.jpeg,4097,4097
1507,614116722010.jpeg,4087,4087
1508,614116822010.jpeg,4089,4089
1509,614120032010.jpeg,3939,3939
1510,614120742010.jpeg,3945,3945
1511,614120752010.jpeg,3924,3924
1512,614120842010.jpeg,4102,4102
1513,614120852010.jpeg,4101,4101
1514,614120862010.jpeg,4080,4080
1515,614120872010.jpeg,4077,4077
1516,614120882010.jpeg,4103,4103
1517,614120892010.jpeg,4100,4100
1518,614120902010.jpeg,4081,4081
1519,614120912010.jpeg,4104,4104
1520,614120922010.jpeg,4102,4102
1521,614120932010.jpeg,4090,4090
1522,614120942010.jpeg,4084,4084
1523,614123662010.jpeg,3982,3982
1524,614826952011.jpeg,4076,4076
1525,614827072011.jpeg,5344,5344
1526,614827632011.jpeg,3991,3991
1527,614827952011.jpeg,4319,4319
1528,614828452011.jpeg,4142,4142
1529,614831262011.jpeg,4168,4168
1530,614834872011.jpeg,4280,4280
1531,614836612011.jpeg,4113,4113
1532,614837512011.jpeg,4141,4141
1533,614837522011.jpeg,4123,4123
1534,614838812011.jpeg,4148,4148
1535,614840692011.jpeg,4139,4139
1536,614840832011.jpeg,4156,4156
1537,614841072011.jpeg,4150,4150
1538,614842362011.jpeg,4275,4275
1539,614843382011.jpeg,5673,5673
1540,614848142011.jpeg,4143,4143
1541,614848542011.jpeg,5524,5524
1542,614850822011.jpeg,4085,4085
1543,614852272011.jpeg,3964,3964
1544,614852292011.jpeg,4156,4156
1545,614852312011.jpeg,4153,4153
1546,614852342011.jpeg,4115,4115
1547,614852372011.jpeg,4003,4003
1548,614852392011.jpeg,3997,3997
1549,614853022011.jpeg,4180,4180
1550,614853032011.jpeg,4121,4121
1551,614861812011.jpeg,5440,5440
1552,614865622011.jpeg,4107,4107
1553,614877482011.jpeg,4080,4080
1554,614878722011.jpeg,4141,4141
1555,614878752011.jpeg,4138,4138
1556,614885032011.jpeg,4139,4139
1557,614885172011.jpeg,4086,4086
1558,614889762011.jpeg,4147,4147
1559,614889832011.jpeg,5456,5456
1560,614890652011.jpeg,5528,5528
1561,614892352011.jpeg,4138,4138
1562,614893722011.jpeg,5432,5432
1563,614897382011.jpeg,4144,4144
1564,614897542011.jpeg,4267,4267
1565,614897582011.jpeg,4244,4244
1566,614897602011.jpeg,4247,4247
1567,614897622011.jpeg,4237,4237
1568,614900782011.jpeg,4269,4269
1569,614903162011.jpeg,4253,4253
1570,614904052011.jpeg,5466,5466
1571,614916172011.jpeg,4242,4242
1572,614923992011.jpeg,4150,4150
1573,614929532011.jpeg,4052,4052
1574,614935492011.jpeg,4135,4135
1575,614936052011.jpeg,4076,4076
1576,614936072011.jpeg,4061,4061
1577,614936092011.jpeg,4070,4070
1578,614936102011.jpeg,4079,4079
1579,614936112011.jpeg,4043,4043
1580,614936182011.jpeg,4064,4064
1581,614936192011.jpeg,3987,3987
1582,614947502011.jpeg,4141,4141
1583,614956942011.jpeg,4141,4141
1584,614956962011.jpeg,4029,4029
1585,614957232011.jpeg,4144,4144
1586,614958952011.jpeg,4167,4167
1587,614958962011.jpeg,4138,4138
1588,614963182011.jpeg,5636,5636
1589,614967992011.jpeg,4262,4262
1590,614968522011.jpeg,4150,4150
1591,614968642011.jpeg,4122,4122
1592,614969222011.jpeg,4319,4319
1593,614972102011.jpeg,4123,4123
1594,614974212011.jpeg,5808,5808
1595,614979612011.jpeg,4119,4119
1596,614981652011.jpeg,4125,4125
1597,614981662011.jpeg,4122,4122
1598,614983842011.jpeg,4308,4308
1599,614990042011.jpeg,4205,4205
1600,614991552011.jpeg,4319,4319
1601,614991722011.jpeg,4122,4122
1602,614992262011.jpeg,4224,4224
1603,614993462011.jpeg,4236,4236
1604,614993872011.jpeg,3088,3088
1605,614993892011.jpeg,3088,3088
1606,614993912011.jpeg,3088,3088
1607,614994502011.jpeg,4209,4209
1608,614996822011.jpeg,4319,4319
1609,614997742011.jpeg,4225,4225
1610,615000242011.jpeg,4144,4144
1611,615004262011.jpeg,4289,4289
1612,615005052011.jpeg,4184,4184
1613,615008242011.jpeg,4086,4086
1614,615008482011.jpeg,4174,4174
1615,615008512011.jpeg,4153,4153
1616,615008992011.jpeg,4268,4268
1617,615009002011.jpeg,4218,4218
1618,615010512011.jpeg,4150,4150
1619,615013612011.jpeg,4027,4027
1620,615015592011.jpeg,4157,4157
1621,615017002011.jpeg,4220,4220
1622,615017802011.jpeg,4037,4037
1623,615018332011.jpeg,4139,4139
1624,615018362011.jpeg,4171,4171
1625,615018382011.jpeg,4153,4153
1626,615021962011.jpeg,4218,4218
1627,615022632011.jpeg,4148,4148
1628,615023902011.jpeg,4263,4263
1629,615025262011.jpeg,3930,3930
1630,615025342011.jpeg,4150,4150
1631,615025392011.jpeg,4135,4135
1632,615027742011.jpeg,4090,4090
1633,615032002011.jpeg,4138,4138
1634,615036112011.jpeg,4162,4162
1635,615036122011.jpeg,4114,4114
1636,615036132011.jpeg,4168,4168
1637,615036142011.jpeg,4102,4102
1638,615036152011.jpeg,4168,4168
1639,615037222011.jpeg,4132,4132
1640,615037442011.jpeg,4090,4090
1641,615038762011.jpeg,3088,3088
1642,615038772011.jpeg,4097,4097
1643,615039292011.jpeg,4219,4219
1644,615040202011.jpeg,4072,4072
1645,618614112015.jpeg,4389,4389
1646,618618942015.jpeg,5433,5433
1647,618618952015.jpeg,5433,5433
1648,618620042015.jpeg,3974,3974
1649,618622712015.jpeg,4413,4413
1650,618623332015.jpeg,3980,3980
1651,618625902015.jpeg,3962,3962
1652,618625912015.jpeg,3968,3968
1653,618628852015.jpeg,5464,5464
1654,618638692015.jpeg,5595,5595
1655,618645222015.jpeg,3296,3296
1656,618648052015.jpeg,4430,4430
1657,618651422015.jpeg,4086,4086
1658,618651432015.jpeg,4027,4027
1659,618656452015.jpeg,3991,3991
1660,618657932015.jpeg,3991,3991
1661,618665482015.jpeg,5443,5443
1662,618665592015.jpeg,3955,3955
1663,618666192015.jpeg,4532,4532
1664,618666842015.jpeg,4347,4347
1665,618667762015.jpeg,4544,4544
1666,618668152015.jpeg,3890,3890
1667,618675092015.jpeg,3980,3980
1668,618675142015.jpeg,4017,4017
1669,618676082015.jpeg,4092,4092
1670,618676122015.jpeg,4074,4074
1671,618676902015.jpeg,4430,4430
1672,618679432015.jpeg,4442,4442
1673,618681792015.jpeg,4431,4431
1674,618684122015.jpeg,4039,4039
1675,618692022015.jpeg,10807,10807
1676,618693822015.jpeg,3938,3938
1677,618693832015.jpeg,3950,3950
1678,618693842015.jpeg,3932,3932
1679,618697772015.jpeg,4472,4472
1680,618697782015.jpeg,4467,4467
1681,618697792015.jpeg,4485,4485
1682,618698192015.jpeg,3979,3979
1683,618698512015.jpeg,3902,3902
1684,618698552015.jpeg,4401,4401
1685,618698682015.jpeg,3914,3914
1686,618700322015.jpeg,5815,5815
1687,618703992015.jpeg,4478,4478
1688,618704312015.jpeg,4086,4086
1689,618704742015.jpeg,4400,4400
1690,618705352015.jpeg,4038,4038
1691,618707852015.jpeg,3897,3897
1692,618709742016.jpeg,4532,4532
1693,618710482016.jpeg,4383,4383
1694,618716122016.jpeg,4472,4472
1695,618716152016.jpeg,4039,4039
1696,618716172016.jpeg,4086,4086
1697,618716182016.jpeg,4056,4056
1698,618717582016.jpeg,4021,4021
1699,618726392016.jpeg,4412,4412
1700,618727682016.jpeg,4406,4406
1701,618728562016.jpeg,3879,3879
1702,618728682016.jpeg,4478,4478
1703,618729162016.jpeg,3849,3849
1704,618735542016.jpeg,3997,3997
1705,618735552016.jpeg,3968,3968
1706,618737522016.jpeg,4003,4003
1707,618742632016.jpeg,4116,4116
1708,618742972016.jpeg,4015,4015
1709,618750552016.jpeg,3997,3997
1710,618750562016.jpeg,3997,3997
1711,618750572016.jpeg,3992,3992
1712,618750582016.jpeg,3991,3991
1713,618751522016.jpeg,4171,4171
1714,618753212016.jpeg,4431,4431
1715,618754182016.jpeg,4443,4443
1716,618762612016.jpeg,4021,4021
1717,618767722016.jpeg,3992,3992
1718,618772272016.jpeg,4017,4017
1719,618774322016.jpeg,4025,4025
1720,618775462016.jpeg,4171,4171
1721,618775662016.jpeg,4171,4171
1722,618778392016.jpeg,4017,4017
1723,618780812016.jpeg,4171,4171
1724,618780882016.jpeg,4017,4017
1725,618781202016.jpeg,4171,4171
1726,618784732016.jpeg,4171,4171
1727,618784982016.jpeg,4074,4074
1728,618785062016.jpeg,4015,4015
1729,618797412016.jpeg,4109,4109
1730,618807442016.jpeg,4072,4072
1731,618808952016.jpeg,4017,4017
1732,618809082016.jpeg,5364,5364
1733,618809632016.jpeg,4017,4017
1734,618812702016.jpeg,5433,5433
1735,618814812016.jpeg,4017,4017
1736,618816802016.jpeg,4017,4017
1737,618816982016.jpeg,4017,4017
1738,618817052016.jpeg,5433,5433
1739,621694812019.jpeg,5433,5433
1740,621694832019.jpeg,5433,5433
1741,621694852019.jpeg,5433,5433
1742,621694872019.jpeg,5433,5433
1743,621695492019.jpeg,4017,4017
1744,621695512019.jpeg,4017,4017
1745,621695672019.jpeg,4017,4017
1746,621701582019.jpeg,4017,4017
1747,621701592019.jpeg,4017,4017
1748,621701602019.jpeg,4017,4017
1749,621702422019.jpeg,5433,5433
1750,621704632019.jpeg,4017,4017
1751,621707562019.jpeg,7796,7796
1752,621707572019.jpeg,7796,7796
1753,621707582019.jpeg,7796,7796
1754,621707592019.jpeg,7796,7796
1755,621707602019.jpeg,7796,7796
1756,621707612019.jpeg,7796,7796
1757,621707622019.jpeg,7796,7796
1758,621707632019.jpeg,7796,7796
1759,621707642019.jpeg,7796,7796
1760,621707672019.jpeg,7796,7796
1761,621707702019.jpeg,7796,7796
1762,621707732019.jpeg,7796,7796
1763,621707742019.jpeg,7796,7796
1764,621707752019.jpeg,7796,7796
1765,621707762019.jpeg,7796,7796
1766,621707772019.jpeg,7796,7796
1767,621707782019.jpeg,7796,7796
1768,621707792019.jpeg,7796,7796
1769,621707802019.jpeg,7796,7796
1770,621707812019.jpeg,7796,7796
1771,621710042019.jpeg,5433,5433
1772,621712162019.jpeg,7796,7796
1773,621712382019.jpeg,5433,5433
1774,621712582019.jpeg,5433,5433
1775,621712612019.jpeg,4017,4017
1776,621712622019.jpeg,4017,4017
1777,621712632019.jpeg,4017,4017
1778,621713412019.jpeg,4017,4017
1779,621714382019.jpeg,4017,4017
1780,621714392019.jpeg,4017,4017
1781,621714402019.jpeg,4017,4017
1782,621714412019.jpeg,4017,4017
1783,621714422019.jpeg,4017,4017
1784,621716192019.jpeg,7796,7796
1785,621721212019.jpeg,4017,4017
1786,621725402019.jpeg,4017,4017
1787,621725412019.jpeg,4017,4017
1788,621725922019.jpeg,5433,5433
1789,621726272019.jpeg,4017,4017
1790,621726302019.jpeg,4017,4017
1791,621726312019.jpeg,4017,4017
1792,621729132019.jpeg,4017,4017
1793,621731572019.jpeg,4017,4017
1794,621733522019.jpeg,4017,4017
1795,621733752019.jpeg,4017,4017
1796,621734182019.jpeg,4017,4017
1797,621734372019.jpeg,4017,4017
1798,621735172019.jpeg,4017,4017
1799,621736132019.jpeg,5433,5433
1800,621736142019.jpeg,4017,4017
1801,621742392019.jpeg,5433,5433
1802,621742402019.jpeg,5433,5433
1803,621742582019.jpeg,5433,5433
1804,621743262019.jpeg,4017,4017
1805,621743272019.jpeg,4017,4017
1806,621743332019.jpeg,4017,4017
1807,621745302019.jpeg,5433,5433
1808,621746242019.jpeg,5433,5433
1809,621746252019.jpeg,5433,5433
1810,621746262019.jpeg,5433,5433
1811,621746722019.jpeg,5433,5433
1812,621748112019.jpeg,4017,4017
1813,621752782019.jpeg,4017,4017
1814,621753612019.jpeg,4017,4017
1815,621753712020.jpeg,4017,4017
1816,621753762020.jpeg,4017,4017
1817,621759022020.jpeg,5433,5433
1818,621759372020.jpeg,5433,5433
1819,621764062020.jpeg,4017,4017
1820,621764312020.jpeg,4017,4017
1821,621766662020.jpeg,4017,4017
1822,621767142020.jpeg,4017,4017
1823,621769032020.jpeg,4017,4017
1824,621769172020.jpeg,5433,5433
1825,621770032020.jpeg,4017,4017
1826,621774182020.jpeg,4017,4017
1827,621793112020.jpeg,4017,4017
1828,621793322020.jpeg,4017,4017
1829,621797042020.jpeg,5433,5433
1830,621797052020.jpeg,5433,5433
1831,621797062020.jpeg,5433,5433
1832,621797072020.jpeg,5433,5433
1833,621797082020.jpeg,5433,5433
1834,621797092020.jpeg,5433,5433
1835,621797102020.jpeg,5433,5433
1836,621797112020.jpeg,5433,5433
1837,621797122020.jpeg,5433,5433
1838,621797132020.jpeg,7796,7796
1839,621797142020.jpeg,7796,7796
1840,621797152020.jpeg,5433,5433
1841,621797162020.jpeg,5433,5433
1842,621797172020.jpeg,5433,5433
1843,621797882020.jpeg,5433,5433
1844,621797922020.jpeg,5433,5433
1845,621797932020.jpeg,5433,5433
1846,621797942020.jpeg,5433,5433
1847,621797952020.jpeg,5433,5433
1848,621797962020.jpeg,5433,5433
1849,621797972020.jpeg,5433,5433
1850,621797982020.jpeg,7796,7796
1851,621797992020.jpeg,7796,7796
1852,621798002020.jpeg,5433,5433
1853,621798012020.jpeg,5433,5433
1854,621798032020.jpeg,5433,5433
1855,621798042020.jpeg,5433,5433
1856,621798052020.jpeg,5433,5433
1857,621798062020.jpeg,7796,7796
1858,621798072020.jpeg,7796,7796
1859,621798082020.jpeg,7796,7796
1860,621798102020.jpeg,7796,7796
1861,621798112020.jpeg,7796,7796
1862,621798122020.jpeg,7796,7796
1863,621798132020.jpeg,5433,5433
1864,621798142020.jpeg,5433,5433
1865,621798152020.jpeg,7796,7796
1866,621798162020.jpeg,7796,7796
1867,621798172020.jpeg,5433,5433
1868,621801112020.jpeg,5433,5433
1869,621801122020.jpeg,5433,5433
1870,621801132020.jpeg,5433,5433
1871,621801472020.jpeg,4017,4017
1872,621803472020.jpeg,4017,4017
1873,621806592020.jpeg,4017,4017
1874,621808182020.jpeg,4017,4017
1875,621808692020.jpeg,5433,5433
1876,621812582020.jpeg,4017,4017
1877,621815782020.jpeg,4017,4017
1878,621815792020.jpeg,4017,4017
1879,621816632020.jpeg,4017,4017
1880,621822272020.jpeg,5433,5433
1881,621822282020.jpeg,5433,5433
1882,621822292020.jpeg,5433,5433
1883,621822302020.jpeg,5433,5433
1884,621822312020.jpeg,5433,5433
1885,621823732020.jpeg,4017,4017
1886,621827962020.jpeg,4017,4017
1887,621827972020.jpeg,4017,4017
1888,621827982020.jpeg,4017,4017
1889,621827992020.jpeg,4017,4017
1890,621828002020.jpeg,4017,4017
1891,621829742020.jpeg,5433,5433
1892,621830492020.jpeg,5433,5433
1893,621830522020.jpeg,4017,4017
1894,621831332020.jpeg,4017,4017
1895,621833332020.jpeg,5433,5433
1896,621836382020.jpeg,5433,5433
1897,621837052020.jpeg,4017,4017
1898,621837272020.jpeg,4017,4017
1899,621841492020.jpeg,4017,4017
1900,621841592020.jpeg,5433,5433
1901,621841602020.jpeg,5433,5433
1902,621841612020.jpeg,5433,5433
1903,621841622020.jpeg,7796,7796
1904,621841632020.jpeg,5433,5433
1905,621841812020.jpeg,5433,5433
1906,621842892020.jpeg,4017,4017
1907,621845332020.jpeg,4017,4017
1908,621845522020.jpeg,4017,4017
1909,621846122020.jpeg,4017,4017
1910,621847342020.jpeg,5433,5433
1911,621848522020.jpeg,7796,7796
1912,621849912020.jpeg,4171,4171
1913,621850212020.jpeg,4017,4017
1914,621850922020.jpeg,5433,5433
1915,621851782020.jpeg,4017,4017
1916,621851792020.jpeg,4017,4017
1917,621853282020.jpeg,4017,4017
1918,621853362020.jpeg,5433,5433
1919,621854852020.jpeg,4017,4017
1920,621854862020.jpeg,4017,4017
1921,621854872020.jpeg,4017,4017
1922,621854882020.jpeg,4017,4017
1923,621854902020.jpeg,4017,4017
1924,621863292020.jpeg,4017,4017
1925,621866862020.jpeg,4171,4171
1926,621868202020.jpeg,4171,4171
1927,621869842020.jpeg,4017,4017
1928,621869872020.jpeg,4017,4017
1929,621876172020.jpeg,4017,4017
1930,621876822020.jpeg,4017,4017
1931,621877912020.jpeg,5433,5433
1932,621884632020.jpeg,4017,4017
1933,621884672020.jpeg,4017,4017
1934,621885632020.jpeg,5433,5433
1935,621891132020.jpeg,4017,4017
1936,621891142020.jpeg,4017,4017
1937,621891152020.jpeg,4017,4017
1938,621891162020.jpeg,4017,4017
1939,621891412020.jpeg,5435,5435
1940,621893082020.jpeg,5433,5433
1941,621895552020.jpeg,4017,4017
1942,621895832020.jpeg,5433,5433
1943,621896052020.jpeg,4018,4018
1944,621899412020.jpeg,4017,4017
1945,621899572020.jpeg,4017,4017
1946,621899582020.jpeg,4017,4017
1947,621901392020.jpeg,4017,4017
1948,621901662020.jpeg,5433,5433
1949,621901962020.jpeg,4017,4017
1950,621902482020.jpeg,5433,5433
1951,621909772020.jpeg,5433,5433
1952,621915452020.jpeg,5433,5433
1953,621916662020.jpeg,4017,4017
1954,621917392020.jpeg,4017,4017
1955,621917402020.jpeg,4017,4017
1956,621917412020.jpeg,4017,4017
1957,621917422020.jpeg,4017,4017
1958,621917432020.jpeg,4017,4017
1959,621917442020.jpeg,4017,4017
1960,621917452020.jpeg,4017,4017
1961,621919612020.jpeg,5433,5433
1962,621923782020.jpeg,4017,4017
1963,621924852020.jpeg,4017,4017
1964,621926342020.jpeg,4017,4017
1965,621928332020.jpeg,4017,4017
1966,621929902020.jpeg,4017,4017
1967,621929932020.jpeg,4017,4017
1968,621932372020.jpeg,5433,5433
1969,621934632020.jpeg,7796,7796
1970,621936442020.jpeg,7796,7796
1971,621936452020.jpeg,7796,7796
1972,621936462020.jpeg,7796,7796
1973,621936472020.jpeg,7796,7796
1974,621936482020.jpeg,7796,7796
1975,621936492020.jpeg,7796,7796
1976,621936502020.jpeg,7796,7796
1977,621936512020.jpeg,7796,7796
1978,621936522020.jpeg,7796,7796
1979,621936532020.jpeg,7796,7796
1980,621936542020.jpeg,7796,7796
1981,621936552020.jpeg,7796,7796
1982,621938952020.jpeg,5433,5433
1983,621942432020.jpeg,5433,5433
1984,621942442020.jpeg,5433,5433
1985,621944132020.jpeg,7796,7796
1986,621945302020.jpeg,5433,5433
1987,621947782020.jpeg,4017,4017
1988,621947972020.jpeg,5433,5433
1989,621948882020.jpeg,5433,5433
1990,621951102020.jpeg,5433,5433
1991,621951442020.jpeg,4171,4171
1992,621951952020.jpeg,4017,4017
1993,621952012020.jpeg,5433,5433
1994,621952622020.jpeg,4017,4017
1995,621955482020.jpeg,4171,4171
1996,621966382020.jpeg,5433,5433
1997,621970212020.jpeg,5433,5433
1998,621980212020.jpeg,4017,4017
1999,621980842020.jpeg,7796,7796
2000,621985542020.jpeg,5433,5433
2001,621996762020.jpeg,4171,4171
2002,622001632020.jpeg,5433,5433
2003,622004932020.jpeg,5433,5433
2004,622005892020.jpeg,4017,4017
2005,622006012020.jpeg,4017,4017
2006,622007562020.jpeg,4017,4017
2007,622008432020.jpeg,4017,4017
2008,622008442020.jpeg,4017,4017
2009,622008742020.jpeg,4017,4017
2010,622008752020.jpeg,4017,4017
2011,622014012020.jpeg,4017,4017
2012,622014132020.jpeg,5433,5433
2013,622017892020.jpeg,4017,4017
2014,622027082020.jpeg,5433,5433
2015,622028632020.jpeg,4017,4017
2016,622029232020.jpeg,5433,5433
2017,622029252020.jpeg,5433,5433
2018,622029822020.jpeg,5433,5433
2019,622029832020.jpeg,5433,5433
2020,622034832020.jpeg,4017,4017
2021,622038832020.jpeg,4017,4017
2022,622039602020.jpeg,5433,5433
2023,622041342020.jpeg,4017,4017
2024,622065302020.jpeg,4017,4017
2025,622067592020.jpeg,4017,4017
2026,622068292020.jpeg,4017,4017
2027,622069192020.jpeg,4017,4017
2028,622069202020.jpeg,4017,4017
2029,622069212020.jpeg,4017,4017
2030,622069222020.jpeg,4017,4017
2031,622069232020.jpeg,4017,4017
2032,622069242020.jpeg,4017,4017
2033,622069252020.jpeg,4017,4017
2034,622069262020.jpeg,4017,4017
2035,622069272020.jpeg,4017,4017
2036,622072492020.jpeg,4017,4017
2037,622072502020.jpeg,5433,5433
2038,622072782020.jpeg,4017,4017
2039,622077332020.jpeg,5433,5433
2040,622080592020.jpeg,5433,5433
2041,622081332020.jpeg,5433,5433
2042,622082362020.jpeg,4017,4017
2043,622084772020.jpeg,7796,7796
2044,622084862020.jpeg,5433,5433
2045,622085692020.jpeg,4017,4017
2046,622085702020.jpeg,4017,4017
2047,622085712020.jpeg,4017,4017
